{"kernel": "Matern", "l2": 0.0011457835614350023, "length_scale": 10.108742230229273}