{"c2": 375.0709653233757, "c3_cis": 0.3096853035517563, "c3_trans": 0.008367839525473228, "lambda": 0.10101779534013616, "three_body_cis_kernel": "Matern", "three_body_cis_length_scale": 0.21442954620951052, "three_body_trans_kernel": "RBF", "three_body_trans_length_scale": 0.007461032681210094, "two_body_kernel": "RBF", "two_body_length_scale": 4.255030989255682}