{"c": 119.56695108416329, "kernel": "RBF", "lambda": 0.18165874605686638, "length_scale": 3.707603206717664}