{"l2": 0.0010089685577317211, "two_body_kernel": "RBF", "two_body_length_scale": 2.43694582637765}