{"c2": 375.0709653233757, "lambda": 0.10321841128692937, "two_body_kernel": "RBF", "two_body_length_scale": 4.255030989255682}