{"c": 0.8322740187229454, "kernel": "RBF", "lambda": 0.10251850199321033, "length_scale": 1.0869152443457637}