{"c2": 1.4390993968140993, "lambda": 0.15874041987812643, "two_body_kernel": "Matern", "two_body_length_scale": 0.4188511340284457}