{"c2": 215.76784858975563, "lambda": 3.9104791796770475, "two_body_kernel": "Matern", "two_body_length_scale": 2.212999226086006}