{"l2": 0.003075191174119168, "two_body_kernel": "Matern", "two_body_length_scale": 2.5154789420191452}