{"kernel": "Matern", "l2": 0.0010627368131311931, "length_scale": 8.078295085281193}