{"c2": 239.81964583115393, "lambda": 0.0023236289591816255, "two_body_kernel": "Matern", "two_body_length_scale": 31.43104085206698}