{"c": 45.11815627896797, "kernel": "Matern", "lambda": 0.003626406434655848, "length_scale": 14.598514655287246}