{"c2": 239.81964583115393, "c3_cis": 0.9770458220985836, "c3_trans": 52.83503040521348, "lambda": 0.001136795113590109, "three_body_cis_kernel": "Matern", "three_body_cis_length_scale": 5.653262998912319, "three_body_trans_kernel": "Matern", "three_body_trans_length_scale": 857.5780736056996, "two_body_kernel": "Matern", "two_body_length_scale": 31.43104085206698}