{"c2": 215.76784858975563, "c3_cis": 26.686333647512797, "c3_trans": 1.7689464858061756, "lambda": 0.2945328693265586, "three_body_cis_kernel": "Matern", "three_body_cis_length_scale": 1.0937895966921731, "three_body_trans_kernel": "Matern", "three_body_trans_length_scale": 3.712286110442099, "two_body_kernel": "Matern", "two_body_length_scale": 2.212999226086006}