{"c": 104.44004306504102, "kernel": "Matern", "lambda": 0.10273003993129784, "length_scale": 8.322056687373323}